Date,Open,Close,NominalReturn
1901/01,6.87,7.07,0.017991431
1901/02,7.07,7.25,0.03783939
1901/03,7.25,7.51,0.035310249
1901/04,7.51,8.14,0.095954039
1901/05,8.14,7.73,-0.050313482
1901/06,7.73,8.5,0.100872599
1901/07,8.5,7.93,-0.077758917
1901/08,7.93,8.04,0.004606754
1901/09,8.04,8,-0.013884907
1901/10,8,7.91,-0.006927974
1901/11,7.91,8.08,0.01453192
1901/12,8.08,7.95,-0.020466623
1902/01,7.95,8.12,0.039126827
1902/02,8.12,8.19,0.014994774
1902/03,8.19,8.2,0.007575007
1902/04,8.2,8.48,0.030209322
1902/05,8.48,8.46,-0.004828451
1902/06,8.46,8.41,-0.007203739
1902/07,8.41,8.6,0.031865251
1902/08,8.6,8.83,0.046049826
1902/09,8.83,8.85,-0.002356055
1902/10,8.85,8.57,-0.082271126
1902/11,8.57,8.24,0.003052214
1902/12,8.24,8.05,-0.024849278
1903/01,8.05,8.46,0.050474354
1903/02,8.46,8.41,0.005070679
1903/03,8.41,8.08,0.001831026
1903/04,8.08,7.75,-0.033484526
1903/05,7.75,7.6,0.008152866
1903/06,7.6,7.18,-0.051535088
1903/07,7.18,6.85,-0.041995125
1903/08,6.85,6.63,-0.026965374
1903/09,6.63,6.47,-0.030101338
1903/10,6.47,6.26,-0.022291947
1903/11,6.26,6.28,0.015862302
1903/12,6.28,6.57,0.04607099
1904/01,6.57,6.68,-0.006073947
1904/02,6.68,6.5,-0.046471915
1904/03,6.5,6.48,0.012652882
1904/04,6.48,6.64,0.039899477
1904/05,6.64,6.5,0.005257146
1904/06,6.5,6.51,0.004795166
1904/07,6.51,6.78,0.044682617
1904/08,6.78,7.01,0.025830032
1904/09,7.01,7.32,0.03597787
1904/10,7.32,7.75,0.063312654
1904/11,7.75,8.17,0.037641134
1904/12,8.17,8.25,0.016792996
1905/01,8.25,8.43,0.026862069
1905/02,8.43,8.8,0.04698794
1905/03,8.8,9.05,0.043104814
1905/04,9.05,8.94,-0.00828545
1905/05,8.94,8.5,-0.033345084
1905/06,8.5,8.6,0.016841981
1905/07,8.6,8.87,0.036452617
1905/08,8.87,9.2,0.030336148
1905/09,9.2,9.23,0.017772658
1905/10,9.23,9.36,0.017034128
1905/11,9.36,9.31,-0.014698012
1905/12,9.31,9.54,0.016119107
1906/01,9.54,9.87,0.037524458
1906/02,9.87,9.8,-0.004207194
1906/03,9.8,9.56,-0.020593398
1906/04,9.56,9.43,-0.009577188
1906/05,9.43,9.18,-0.031362033
1906/06,9.18,9.3,0.019214164
1906/07,9.3,9.06,0.011220943
1906/08,9.06,9.73,0.054151373
1906/09,9.73,10.03,0.025444849
1906/10,10.03,9.73,-0.043179738
1906/11,9.73,9.93,0.017543408
1906/12,9.93,9.84,-0.01172097
1907/01,9.84,9.56,-0.010883849
1907/02,9.56,9.26,-0.042854558
1907/03,9.26,8.35,-0.08038289
1907/04,8.35,8.39,0.013480605
1907/05,8.39,8.1,-0.045236633
1907/06,8.1,7.84,-0.031533183
1907/07,7.84,8.14,0.05187237
1907/08,8.14,7.53,-0.063371575
1907/09,7.53,7.45,0.000395656
1907/10,7.45,6.64,-0.107745702
1907/11,6.64,6.25,-0.012075539
1907/12,6.25,6.57,0.078251088
1908/01,6.57,6.85,0.057867974
1908/02,6.85,6.6,-0.024954287
1908/03,6.6,6.87,0.042721199
1908/04,6.87,7.24,0.04469403
1908/05,7.24,7.63,0.054292016
1908/06,7.63,7.64,0.000591347
1908/07,7.64,7.92,0.025474834
1908/08,7.92,8.26,0.042878084
1908/09,8.26,8.17,-0.011159387
1908/10,8.17,8.27,0.001111645
1908/11,8.27,8.83,0.060374243
1908/12,8.83,9.03,0.018295758
1909/01,9.03,9.06,0.020465967
1909/02,9.06,8.8,-0.030706564
1909/03,8.8,8.92,0.022034873
1909/04,8.92,9.32,0.032420838
1909/05,9.32,9.63,0.032598497
1909/06,9.63,9.8,0.018015835
1909/07,9.8,9.94,0.024014618
1909/08,9.94,10.18,0.024415447
1909/09,10.18,10.19,0.002370482
1909/10,10.19,10.23,-0.003550182
1909/11,10.23,10.18,-0.002474225
1909/12,10.18,10.3,0.014092767
1910/01,10.3,10.08,0.000127809
1910/02,10.08,9.72,-0.024463908
1910/03,9.72,9.96,0.018297732
1910/04,9.96,9.72,-0.021278677
1910/05,9.72,9.56,0.011988783
1910/06,9.56,9.1,-0.030843733
1910/07,9.1,8.64,-0.042245383
1910/08,8.64,8.85,0.041198213
1910/09,8.85,8.91,0.021871339
1910/10,8.91,9.32,0.078896232
1910/11,9.32,9.31,0.018003764
1910/12,9.31,9.05,-0.030303027
1911/01,9.05,9.27,0.02284687
1911/02,9.27,9.43,0.045693614
1911/03,9.43,9.32,-0.027049295
1911/04,9.32,9.28,0.020006215
1911/05,9.28,9.48,0.014818319
1911/06,9.48,9.67,0.014008942
1911/07,9.67,9.63,-0.020104228
1911/08,9.63,9.17,-0.079438384
1911/09,9.17,8.67,-0.064219263
1911/10,8.67,8.72,0.008584858
1911/11,8.72,9.07,0.054641078
1911/12,9.07,9.11,0.0176145
1912/01,9.11,9.12,-0.005933417
1912/02,9.12,9.04,-0.01209726
1912/03,9.04,9.3,0.015684155
1912/04,9.3,9.59,0.013607815
1912/05,9.59,9.58,0.011713193
1912/06,9.58,9.58,0.021883253
1912/07,9.58,9.59,0.012083108
1912/08,9.59,9.81,0.022075799
1912/09,9.81,9.86,0.004367813
1912/10,9.86,9.84,0.007028394
1912/11,9.84,9.73,-0.00123852
1912/12,9.73,9.38,-0.016424647
1913/01,9.38,9.3,-0.00805165
1913/02,9.3,8.97,-0.026168431
1913/03,8.97,8.8,-0.01118656
1913/04,8.8,8.79,0.004222605
1913/05,8.79,8.55,-0.012719943
1913/06,8.55,8.12,-0.053716951
1913/07,8.12,8.23,0.010668791
1913/08,8.23,8.45,0.033252329
1913/09,8.45,8.53,0.005744149
1913/10,8.53,8.26,-0.025278681
1913/11,8.26,8.05,-0.027762418
1913/12,8.05,8.04,0.016263837
1914/01,8.04,8.37,0.047653053
1914/02,8.37,8.48,0.028949
1914/03,8.48,8.32,-0.01345196
1914/04,8.32,8.12,-0.009425285
1914/05,8.12,8.17,0.002318987
1914/06,8.17,8.13,0.000540391
1914/07,8.13,7.68,-0.059443487
1914/08,7.68,7.68,-0.012436307
1914/09,7.68,7.68,0.006371633
1914/10,7.68,7.68,0.015442523
1914/11,7.68,7.68,-0.004416226
1914/12,7.68,7.35,-0.028061242
1915/01,7.35,7.48,0.023287588
1915/02,7.48,7.38,0.00208027
1915/03,7.38,7.57,0.040925287
1915/04,7.57,8.14,0.070842474
1915/05,8.14,7.95,-0.027043543
1915/06,7.95,8.04,0.017443793
1915/07,8.04,8.01,0.001511545
1915/08,8.01,8.35,0.046065496
1915/09,8.35,8.66,0.040571528
1915/10,8.66,9.14,0.049982321
1915/11,9.14,9.46,0.029650846
1915/12,9.46,9.48,0.007537419
1916/01,9.48,9.33,-0.019006285
1916/02,9.33,9.2,-0.006625331
1916/03,9.2,9.17,-0.003688794
1916/04,9.17,9.07,-0.011108072
1916/05,9.07,9.27,0.021726604
1916/06,9.27,9.36,0.010368066
1916/07,9.36,9.23,-0.003785837
1916/08,9.23,9.3,0.009334818
1916/09,9.3,9.68,0.034646017
1916/10,9.68,9.98,0.025867307
1916/11,9.98,10.21,0.018985964
1916/12,10.21,9.8,-0.033945622
1917/01,9.8,9.57,-0.017139966
1917/02,9.57,9.03,-0.063080541
1917/03,9.03,9.31,0.047665395
1917/04,9.31,9.17,-0.042289807
1917/05,9.17,8.86,-0.028362764
1917/06,8.86,9.04,0.02597714
1917/07,9.04,8.79,0.007749547
1917/08,8.79,8.53,-0.023681396
1917/09,8.53,8.12,-0.048076993
1917/10,8.12,7.68,-0.04650793
1917/11,7.68,7.04,-0.062511985
1917/12,7.04,6.8,-0.026180921
1918/01,6.8,7.21,0.060796395
1918/02,7.21,7.43,0.044423247
1918/03,7.43,7.28,0.007194279
1918/04,7.28,7.21,-0.0062169
1918/05,7.21,7.44,0.028240711
1918/06,7.44,7.45,0.004974938
1918/07,7.45,7.51,0.001967745
1918/08,7.51,7.58,0.010514015
1918/09,7.58,7.54,-0.003893501
1918/10,7.54,7.86,0.043552032
1918/11,7.86,8.06,0.028438446
1918/12,8.06,7.9,-0.010292095
1919/01,7.9,7.85,0.013434819
1919/02,7.85,7.88,0.040138405
1919/03,7.88,8.12,0.037012894
1919/04,8.12,8.39,0.03390608
1919/05,8.39,8.97,0.074753636
1919/06,8.97,9.21,0.043555455
1919/07,9.21,9.51,0.019590806
1919/08,9.51,8.87,-0.066758711
1919/09,8.87,9.01,0.025638061
1919/10,9.01,9.47,0.048845171
1919/11,9.47,9.19,-0.035351645
1919/12,9.19,8.92,-0.03383668
1920/01,8.92,8.83,-0.012624974
1920/02,8.83,8.1,-0.071591189
1920/03,8.1,8.67,0.080245481
1920/04,8.67,8.6,-0.016109981
1920/05,8.6,8.06,-0.054822797
1920/06,8.06,7.92,-0.008314709
1920/07,7.92,7.91,0.024003435
1920/08,7.91,7.6,0.001538786
1920/09,7.6,7.87,0.066549302
1920/10,7.87,7.88,0.01969661
1920/11,7.88,7.48,-0.034853267
1920/12,7.48,6.81,-0.062823218
1921/01,6.81,7.11,0.071047997
1921/02,7.11,7.06,0.02659203
1921/03,7.06,6.88,-0.020390518
1921/04,6.88,6.91,0.011985906
1921/05,6.91,7.12,0.047145121
1921/06,7.12,6.55,-0.083339274
1921/07,6.55,6.53,-0.015962408
1921/08,6.53,6.45,-0.017524065
1921/09,6.45,6.61,0.031626758
1921/10,6.61,6.7,0.00886691
1921/11,6.7,7.06,0.054884203
1921/12,7.06,7.31,0.03735505
1922/01,7.31,7.3,0.017972392
1922/02,7.3,7.46,0.020202328
1922/03,7.46,7.74,0.047705055
1922/04,7.74,8.21,0.059169794
1922/05,8.21,8.53,0.039022483
1922/06,8.53,8.45,-0.009005114
1922/07,8.45,8.51,0.001562316
1922/08,8.51,8.83,0.049660291
1922/09,8.83,9.06,0.026352549
1922/10,9.06,9.26,0.016650065
1922/11,9.26,8.8,-0.05372798
1922/12,8.8,8.78,-0.005322978
1923/01,8.78,8.9,0.024092312
1923/02,8.9,9.28,0.04700837
1923/03,9.28,9.43,0.021286072
1923/04,9.43,9.1,-0.035173138
1923/05,9.1,8.67,-0.041513843
1923/06,8.67,8.34,-0.037267244
1923/07,8.34,8.06,-0.037695649
1923/08,8.06,8.1,0.018757899
1923/09,8.1,8.15,0.008656102
1923/10,8.15,8.03,-0.012119001
1923/11,8.03,8.27,0.037817443
1923/12,8.27,8.55,0.041149212
1924/01,8.55,8.83,0.040377756
1924/02,8.83,8.87,0.017395394
1924/03,8.87,8.7,-0.006898102
1924/04,8.7,8.5,-0.01157857
1924/05,8.5,8.47,0.002239804
1924/06,8.47,8.63,0.02420307
1924/07,8.63,9.03,0.044945339
1924/08,9.03,9.34,0.044969001
1924/09,9.34,9.25,-0.011079207
1924/10,9.25,9.13,-0.014297888
1924/11,9.13,9.64,0.06038139
1924/12,9.64,10.16,0.052576771
1925/01,10.16,10.58,0.045884186
1925/02,10.58,10.67,0.018793041
1925/03,10.67,10.39,-0.026533222
1925/04,10.39,10.28,0.000712104
1925/05,10.28,10.61,0.032194452
1925/06,10.61,10.8,0.013157518
1925/07,10.8,11.1,0.023461088
1925/08,11.1,11.25,0.021260911
1925/09,11.25,11.51,0.030340944
1925/10,11.51,11.89,0.039689517
1925/11,11.89,12.26,0.021835176
1925/12,12.26,12.46,0.028937253
1926/01,12.46,12.65,0.022157022
1926/02,12.65,12.67,0.00896222
1926/03,12.67,11.81,-0.056145758
1926/04,11.81,11.48,-0.025622551
1926/05,11.48,11.56,0.01965653
1926/06,11.56,12.11,0.059119725
1926/07,12.11,12.62,0.057618704
1926/08,12.62,13.12,0.048554164
1926/09,13.12,13.32,0.012711461
1926/10,13.32,13.02,-0.024349426
1926/11,13.02,13.19,0.010277338
1926/12,13.19,13.49,0.026167965
1927/01,13.49,13.4,0.007152161
1927/02,13.4,13.66,0.027302425
1927/03,13.66,13.87,0.023227468
1927/04,13.87,14.21,0.025982242
1927/05,14.21,14.7,0.03086258
1927/06,14.7,14.89,0.005033919
1927/07,14.89,15.22,0.043124991
1927/08,15.22,16.03,0.062473295
1927/09,16.03,16.94,0.053579066
1927/10,16.94,16.68,-0.018258086
1927/11,16.68,17.06,0.030626268
1927/12,17.06,17.46,0.025304862
1928/01,17.46,17.53,0.006758802
1928/02,17.53,17.32,0.001895238
1928/03,17.32,18.25,0.056527617
1928/04,18.25,19.4,0.065683064
1928/05,19.4,20,0.02740167
1928/06,20,19.02,-0.042442681
1928/07,19.02,19.16,0.00997039
1928/08,19.16,19.78,0.0354541
1928/09,19.78,21.17,0.061356277
1928/10,21.17,21.6,0.028593594
1928/11,21.6,23.06,0.070363088
1928/12,23.06,23.15,0.011894765
1929/01,23.15,24.86,0.075993309
1929/02,24.86,24.99,0.008145615
1929/03,24.99,25.43,0.026056095
1929/04,25.43,25.28,0.001937549
1929/05,25.28,25.66,0.011035997
1929/06,25.66,26.15,0.016074275
1929/07,26.15,28.48,0.080377954
1929/08,28.48,30.1,0.060572703
1929/09,30.1,31.3,0.042469546
1929/10,31.3,27.99,-0.102738302
1929/11,27.99,20.58,-0.261396033
1929/12,20.58,21.4,0.050326742
1930/01,21.4,21.71,0.024221129
1930/02,21.71,23.07,0.072157937
1930/03,23.07,23.94,0.04689374
1930/04,23.94,25.46,0.061096047
1930/05,25.46,23.94,-0.051421589
1930/06,23.94,21.52,-0.093795144
1930/07,21.52,21.06,-0.009196693
1930/08,21.06,20.79,-0.006887169
1930/09,20.79,20.78,-0.00604372
1930/10,20.78,17.92,-0.132396584
1930/11,17.92,16.62,-0.066750291
1930/12,16.62,15.51,-0.049884993
1931/01,15.51,15.98,0.042477176
1931/02,15.98,17.2,0.088484026
1931/03,17.2,17.53,0.023654719
1931/04,17.53,15.86,-0.092662759
1931/05,15.86,14.33,-0.0880509
1931/06,14.33,13.87,-0.022828474
1931/07,13.87,14.33,0.030631283
1931/08,14.33,13.9,-0.032290045
1931/09,13.9,11.83,-0.146467228
1931/10,11.83,10.25,-0.13020323
1931/11,10.25,10.39,0.02523875
1931/12,10.39,8.44,-0.183611438
1932/01,8.44,8.3,0.003241059
1932/02,8.3,8.23,0.004520851
1932/03,8.23,8.26,0.009383267
1932/04,8.26,6.28,-0.2360298
1932/05,6.28,5.51,-0.109720102
1932/06,5.51,4.77,-0.126561439
1932/07,4.77,5.01,0.052697559
1932/08,5.01,7.53,0.515003206
1932/09,7.53,8.26,0.102242796
1932/10,8.26,7.12,-0.135331106
1932/11,7.12,7.05,-0.005048041
1932/12,7.05,6.82,-0.028277707
1933/01,6.82,7.09,0.053300005
1933/02,7.09,6.25,-0.107421029
1933/03,6.25,6.23,0.00248749
1933/04,6.23,6.89,0.104210269
1933/05,6.89,8.87,0.286167396
1933/06,8.87,10.39,0.16083227
1933/07,10.39,11.23,0.048343079
1933/08,11.23,10.67,-0.05554778
1933/09,10.67,10.58,-0.006133659
1933/10,10.58,9.55,-0.09443781
1933/11,9.55,9.78,0.027966841
1933/12,9.78,9.97,0.023810468
1934/01,9.97,10.54,0.062773531
1934/02,10.54,11.32,0.073248818
1934/03,11.32,10.74,-0.043463473
1934/04,10.74,10.92,0.024715178
1934/05,10.92,9.81,-0.09374278
1934/06,9.81,9.94,0.013923219
1934/07,9.94,9.47,-0.041657623
1934/08,9.47,9.1,-0.033885974
1934/09,9.1,8.88,-0.031997615
1934/10,8.88,8.95,0.021461357
1934/11,8.95,9.2,0.033989949
1934/12,9.2,9.26,0.019393543
1935/01,9.26,9.26,-0.008224916
1935/02,9.26,8.98,-0.030823655
1935/03,8.98,8.41,-0.056826073
1935/04,8.41,9.04,0.074595604
1935/05,9.04,9.75,0.085706708
1935/06,9.75,10.12,0.051159917
1935/07,10.12,10.65,0.057841527
1935/08,10.65,11.37,0.07289531
1935/09,11.37,11.61,0.02494373
1935/10,11.61,11.92,0.031157357
1935/11,11.92,13.04,0.091058321
1935/12,13.04,13.04,0.005457742
1936/01,13.04,13.76,0.059499516
1936/02,13.76,14.55,0.060986576
1936/03,14.55,14.86,0.03164522
1936/04,14.86,14.88,0.00363743
1936/05,14.88,14.09,-0.050710422
1936/06,14.09,14.69,0.038864014
1936/07,14.69,15.56,0.056022355
1936/08,15.56,15.87,0.017581712
1936/09,15.87,16.05,0.016352019
1936/10,16.05,16.89,0.057500768
1936/11,16.89,17.36,0.032398384
1936/12,17.36,17.06,-0.012625104
1937/01,17.06,17.59,0.029088639
1937/02,17.59,18.11,0.034861822
1937/03,18.11,18.09,-0.001720367
1937/04,18.09,17.01,-0.059130626
1937/05,17.01,16.25,-0.043211741
1937/06,16.25,15.64,-0.029677838
1937/07,15.64,16.57,0.060005504
1937/08,16.57,16.74,0.017177868
1937/09,16.74,14.37,-0.140146652
1937/10,14.37,12.28,-0.137415442
1937/11,12.28,11.2,-0.073331318
1937/12,11.2,11.02,-0.000894544
1938/01,11.02,11.31,0.047443732
1938/02,11.31,11.04,-0.011112432
1938/03,11.04,10.31,-0.060824264
1938/04,10.31,9.89,-0.041923996
1938/05,9.89,9.98,0.020896544
1938/06,9.98,10.21,0.027472204
1938/07,10.21,12.24,0.202318418
1938/08,12.24,12.31,0.008065535
1938/09,12.31,11.75,-0.04392324
1938/10,11.75,13.06,0.120294805
1938/11,13.06,13.07,0.001418943
1938/12,13.07,12.69,-0.028167314
1939/01,12.69,12.5,-0.012782793
1939/02,12.5,12.4,0.001416129
1939/03,12.4,12.39,0.001498384
1939/04,12.39,10.83,-0.118406904
1939/05,10.83,11.23,0.039196394
1939/06,11.23,11.43,0.019951778
1939/07,11.43,11.71,0.026643367
1939/08,11.71,11.54,-0.012394052
1939/09,11.54,12.77,0.086999275
1939/10,12.77,12.9,0.021207629
1939/11,12.9,12.67,-0.013953488
1939/12,12.67,12.37,-0.019600105
1940/01,12.37,12.3,0.005126921
1940/02,12.3,12.22,-0.008787527
1940/03,12.22,12.15,-0.000834526
1940/04,12.15,12.27,0.015443039
1940/05,12.27,10.58,-0.132165249
1940/06,10.58,9.67,-0.085616328
1940/07,9.67,9.99,0.047370439
1940/08,9.99,10.2,0.02775411
1940/09,10.2,10.63,0.047037773
1940/10,10.63,10.73,0.014659768
1940/11,10.73,10.98,0.028502641
1940/12,10.98,10.53,-0.042142904
1941/01,10.53,10.55,0.008419228
1941/02,10.55,9.89,-0.056621022
1941/03,9.89,9.95,0.005853852
1941/04,9.95,9.64,-0.030479465
1941/05,9.64,9.43,-0.02033237
1941/06,9.43,9.76,0.02332424
1941/07,9.76,10.26,0.061223483
1941/08,10.26,10.21,-0.007442721
1941/09,10.21,10.24,0.001615049
1941/10,10.24,9.83,-0.039511583
1941/11,9.83,9.37,-0.03905919
1941/12,9.37,8.76,-0.056939284
1942/01,8.76,8.93,0.022023249
1942/02,8.93,8.65,-0.02149421
1942/03,8.65,8.18,-0.049596578
1942/04,8.18,7.84,-0.030704422
1942/05,7.84,7.93,0.01648461
1942/06,7.93,8.33,0.066024021
1942/07,8.33,8.64,0.046481412
1942/08,8.64,8.59,0.002795102
1942/09,8.59,8.68,0.023908213
1942/10,8.68,9.32,0.07398289
1942/11,9.32,9.47,0.022656413
1942/12,9.47,9.52,0.011724702
1943/01,9.52,10.09,0.071195132
1943/02,10.09,10.69,0.069962026
1943/03,10.69,11.07,0.028049382
1943/04,11.07,11.44,0.03242751
1943/05,11.44,11.89,0.043607034
1943/06,11.89,12.1,0.027734232
1943/07,12.1,12.35,0.035581416
1943/08,12.35,11.74,-0.035895204
1943/09,11.74,11.99,0.024095303
1943/10,11.99,11.88,-0.001553353
1943/11,11.88,11.33,-0.039112219
1943/12,11.33,11.48,0.020158471
1944/01,11.48,11.85,0.03911482
1944/02,11.85,11.77,1.82E-05
1944/03,11.77,12.1,0.033390941
1944/04,12.1,11.89,-0.018224418
1944/05,11.89,12.1,0.022054016
1944/06,12.1,12.67,0.045947102
1944/07,12.67,13,0.025816494
1944/08,13,12.81,-0.008627526
1944/09,12.81,12.6,-0.010804477
1944/10,12.6,12.91,0.03026153
1944/11,12.91,12.82,-0.001414624
1944/12,12.82,13.1,0.022132805
1945/01,13.1,13.49,0.035759257
1945/02,13.49,13.94,0.039248589
1945/03,13.94,13.93,0.005064156
1945/04,13.93,14.28,0.030431587
1945/05,14.28,14.82,0.037674363
1945/06,14.82,15.09,0.01291932
1945/07,15.09,14.78,-0.015071416
1945/08,14.78,14.83,0.008949413
1945/09,14.83,15.84,0.073677901
1945/10,15.84,16.5,0.047002899
1945/11,16.5,17.04,0.037924616
1945/12,17.04,17.33,0.016494373
1946/01,17.33,18.02,0.044874739
1946/02,18.02,18.07,0.012839673
1946/03,18.07,17.53,-0.035073251
1946/04,17.53,18.66,0.0646573
1946/05,18.66,18.7,0.002498293
1946/06,18.7,18.58,-0.011324446
1946/07,18.58,18.05,-0.072092673
1946/08,18.05,17.7,-0.026511636
1946/09,17.7,15.09,-0.142580715
1946/10,15.09,14.75,-0.025901507
1946/11,14.75,14.69,-0.009907431
1946/12,14.69,15.13,0.038344415
1947/01,15.13,15.21,0.023199221
1947/02,15.21,15.8,0.057165249
1947/03,15.8,15.16,-0.039225211
1947/04,15.16,14.6,-0.018291108
1947/05,14.6,14.34,0.000612539
1947/06,14.34,14.84,0.048195405
1947/07,14.84,15.77,0.06695961
1947/08,15.77,15.46,-0.019635462
1947/09,15.46,15.06,-0.032837418
1947/10,15.06,15.45,0.038773676
1947/11,15.45,15.27,-0.004724067
1947/12,15.27,15.03,-0.016728841
1948/01,15.03,14.83,-0.01302831
1948/02,14.83,14.1,-0.028894894
1948/03,14.1,14.3,0.029099677
1948/04,14.3,15.4,0.070650995
1948/05,15.4,16.15,0.056202984
1948/06,16.15,16.82,0.04481898
1948/07,16.82,16.42,-0.023686479
1948/08,16.42,15.94,-0.021709607
1948/09,15.94,15.76,-0.001465248
1948/10,15.76,16.19,0.041155959
1948/11,16.19,15.29,-0.039177964
1948/12,15.29,15.19,0.005131059
1949/01,15.19,15.36,0.02166877
1949/02,15.36,14.77,-0.024002891
1949/03,14.77,14.91,0.01642136
1949/04,14.91,14.89,0.000358196
1949/05,14.89,14.78,0.002091385
1949/06,14.78,13.97,-0.05372584
1949/07,13.97,14.76,0.069218983
1949/08,14.76,15.29,0.034952147
1949/09,15.29,15.49,0.012422002
1949/10,15.49,15.89,0.037880158
1949/11,15.89,16.11,0.013976797
1949/12,16.11,16.54,0.039593635
1950/01,16.54,16.88,0.028964797
1950/02,16.88,17.21,0.024219923
1950/03,17.21,17.35,0.008801361
1950/04,17.35,17.84,0.03285761
1950/05,17.84,18.44,0.034455369
1950/06,18.44,18.74,0.017049805
1950/07,18.74,17.38,-0.077261043
1950/08,17.38,18.43,0.059539173
1950/09,18.43,19.08,0.038741658
1950/10,19.08,19.87,0.042012512
1950/11,19.87,19.83,0.002989584
1950/12,19.83,19.75,-0.005068525
1951/01,19.75,21.21,0.069686042
1951/02,21.21,22,0.038461651
1951/03,22,21.63,-0.007438739
1951/04,21.63,21.92,0.026769691
1951/05,21.92,21.93,0.009875471
1951/06,21.93,21.55,-0.004328575
1951/07,21.55,21.93,0.029634992
1951/08,21.93,22.89,0.054930286
1951/09,22.89,23.48,0.02903487
1951/10,23.48,23.36,0.001601294
1951/11,23.36,22.71,-0.024506476
1951/12,22.71,23.41,0.036955485
1952/01,23.41,24.19,0.041889382
1952/02,24.19,23.75,-0.003880611
1952/03,23.75,23.81,0.009109589
1952/04,23.81,23.74,0.000186888
1952/05,23.74,23.73,0.00622822
1952/06,23.73,24.38,0.030497633
1952/07,24.38,25.08,0.028463739
1952/08,25.08,25.18,0.011343423
1952/09,25.18,24.78,-0.009191026
1952/10,24.78,24.26,-0.014576661
1952/11,24.26,25.03,0.037570714
1952/12,25.03,26.04,0.045672711
1953/01,26.04,26.18,0.01399913
1953/02,26.18,25.86,-0.003359
1953/03,25.86,25.99,0.006721023
1953/04,25.99,24.71,-0.044088933
1953/05,24.71,24.84,0.007197839
1953/06,24.84,23.95,-0.033742377
1953/07,23.95,24.29,0.019448667
1953/08,24.29,24.39,0.00585981
1953/09,24.39,23.27,-0.040446657
1953/10,23.27,23.97,0.032300151
1953/11,23.97,24.5,0.031557596
1953/12,24.5,24.83,0.019023447
1954/01,24.83,25.46,0.03119637
1954/02,25.46,26.02,0.028034167
1954/03,26.02,26.57,0.02678053
1954/04,26.57,27.63,0.049005908
1954/05,27.63,28.73,0.040945465
1954/06,28.73,28.96,0.012521808
1954/07,28.96,30.13,0.044902582
1954/08,30.13,30.73,0.023960975
1954/09,30.73,31.45,0.03093953
1954/10,31.45,32.18,0.026548946
1954/11,32.18,33.44,0.042772005
1954/12,33.44,34.97,0.052900661
1955/01,34.97,35.6,0.021079449
1955/02,35.6,36.79,0.036441338
1955/03,36.79,36.5,-0.004970708
1955/04,36.5,37.76,0.037778316
1955/05,37.76,37.6,-0.001401471
1955/06,37.6,39.78,0.060836633
1955/07,39.78,42.69,0.072149161
1955/08,42.69,42.43,-0.003270945
1955/09,42.43,44.34,0.044610802
1955/10,44.34,42.11,-0.046925584
1955/11,42.11,44.95,0.070985096
1955/12,44.95,45.37,0.016473259
1956/01,45.37,44.15,-0.023511068
1956/02,44.15,44.43,0.009862349
1956/03,44.43,47.49,0.072428763
1956/04,47.49,48.05,0.011717963
1956/05,48.05,46.54,-0.031011494
1956/06,46.54,46.27,-0.008365096
1956/07,46.27,48.78,0.051640388
1956/08,48.78,48.49,0.002369779
1956/09,48.49,46.84,-0.032866552
1956/10,46.84,46.24,-0.011356778
1956/11,46.24,45.76,-0.005344742
1956/12,45.76,46.44,0.016794499
1957/01,46.44,45.43,-0.016177996
1957/02,45.43,43.47,-0.040673308
1957/03,43.47,44.03,0.015601028
1957/04,44.03,45.05,0.025807639
1957/05,45.05,46.78,0.040917151
1957/06,46.78,47.55,0.018629964
1957/07,47.55,48.51,0.01870419
1957/08,48.51,45.84,-0.049031521
1957/09,45.84,43.98,-0.034679519
1957/10,43.98,41.24,-0.056554741
1957/11,41.24,40.35,-0.018754761
1957/12,40.35,40.33,0.005585108
1958/01,40.33,41.12,0.019087824
1958/02,41.12,41.26,0.009673327
1958/03,41.26,42.11,0.020012912
1958/04,42.11,42.34,0.008385987
1958/05,42.34,43.7,0.03819204
1958/06,43.7,44.75,0.029668542
1958/07,44.75,45.98,0.029191714
1958/08,45.98,47.7,0.04589333
1958/09,47.7,48.96,0.031187301
1958/10,48.96,50.95,0.045351203
1958/11,50.95,52.5,0.031454087
1958/12,52.5,53.49,0.026625419
1959/01,53.49,55.62,0.040120356
1959/02,55.62,54.77,-0.008353922
1959/03,54.77,56.16,0.02836083
1959/04,56.16,57.1,0.016147024
1959/05,57.1,57.96,0.017951832
1959/06,57.96,57.46,-0.00889377
1959/07,57.46,59.74,0.039288893
1959/08,59.74,59.4,-0.00231484
1959/09,59.4,57.05,-0.039163469
1959/10,57.05,57,-0.000199762
1959/11,57,57.23,0.007842997
1959/12,57.23,59.06,0.036071368
1960/01,59.06,58.03,-0.010585585
1960/02,58.03,55.78,-0.037888123
1960/03,55.78,55.02,-0.009296219
1960/04,55.02,55.73,0.013829767
1960/05,55.73,55.22,-0.004814849
1960/06,55.22,57.26,0.037793473
1960/07,57.26,55.84,-0.020826782
1960/08,55.84,56.51,0.016043115
1960/09,56.51,54.81,-0.02635831
1960/10,54.81,53.73,-0.022211931
1960/11,53.73,55.47,0.036535302
1960/12,55.47,56.8,0.028033214
1961/01,56.8,59.72,0.055675548
1961/02,59.72,62.17,0.044863284
1961/03,62.17,64.12,0.035092785
1961/04,64.12,65.83,0.030033593
1961/05,65.83,66.5,0.013477084
1961/06,66.5,65.62,-0.010240678
1961/07,65.62,65.44,-0.005816566
1961/08,65.44,67.79,0.042711789
1961/09,67.79,67.26,-0.007604954
1961/10,67.26,68,0.014012819
1961/11,68,71.08,0.048302669
1961/12,71.08,71.74,0.012211107
1962/01,71.74,69.07,-0.034305976
1962/02,69.07,70.22,0.016552355
1962/03,70.22,70.29,0.00425291
1962/04,70.29,68.05,-0.031543541
1962/05,68.05,62.99,-0.070730858
1962/06,62.99,55.63,-0.113006898
1962/07,55.63,56.97,0.024623072
1962/08,56.97,58.52,0.031348132
1962/09,58.52,58,-0.00808951
1962/10,58,56.17,-0.027434889
1962/11,56.17,60.04,0.073137685
1962/12,60.04,62.64,0.047365204
1963/01,62.64,65.06,0.042580365
1963/02,65.06,65.92,0.016790687
1963/03,65.92,65.67,-0.003248969
1963/04,65.67,68.76,0.05062696
1963/05,68.76,70.14,0.023539953
1963/06,70.14,70.11,8.09E-06
1963/07,70.11,69.07,-0.014338968
1963/08,69.07,70.98,0.031408974
1963/09,70.98,72.85,0.029758749
1963/10,72.85,73.03,0.002852407
1963/11,73.03,72.62,-0.001949148
1963/12,72.62,74.17,0.022006943
1964/01,74.17,76.45,0.034680993
1964/02,76.45,77.39,0.016177623
1964/03,77.39,78.8,0.021814727
1964/04,78.8,79.94,0.018035059
1964/05,79.94,80.72,0.013307349
1964/06,80.72,80.24,-0.005621127
1964/07,80.24,83.22,0.037367587
1964/08,83.22,82,-0.008239601
1964/09,82,83.41,0.017475445
1964/10,83.41,84.85,0.020529943
1964/11,84.85,85.44,0.007229759
1964/12,85.44,83.96,-0.014078256
1965/01,83.96,86.12,0.029029906
1965/02,86.12,86.75,0.010572214
1965/03,86.75,86.83,0.001238498
1965/04,86.83,87.97,0.013699765
1965/05,87.97,89.28,0.018683466
1965/06,89.28,85.04,-0.04950007
1965/07,85.04,84.91,0.002375255
1965/08,84.91,86.49,0.022800954
1965/09,86.49,89.38,0.037307176
1965/10,89.38,91.39,0.023347223
1965/11,91.39,92.15,0.012103745
1965/12,92.15,91.73,-0.003647475
1966/01,91.73,93.32,0.021411278
1966/02,93.32,92.69,-0.008397493
1966/03,92.69,88.88,-0.039495012
1966/04,88.88,91.6,0.029185241
1966/05,91.6,86.78,-0.047702933
1966/06,86.78,86.06,-0.006562829
1966/07,86.06,85.84,-0.000531214
1966/08,85.84,80.65,-0.060583021
1966/09,80.65,77.81,-0.029372167
1966/10,77.81,77.13,-0.008594777
1966/11,77.13,80.99,0.05625454
1966/12,80.99,81.33,0.009988972
1967/01,81.33,84.45,0.044151052
1967/02,84.45,87.36,0.039624115
1967/03,87.36,89.42,0.025543726
1967/04,89.42,90.96,0.018884274
1967/05,90.96,92.59,0.019795629
1967/06,92.59,91.43,-0.01060564
1967/07,91.43,93.01,0.019155474
1967/08,93.01,94.49,0.017498359
1967/09,94.49,95.81,0.015784673
1967/10,95.81,95.66,8.00E-06
1967/11,95.66,92.66,-0.029439118
1967/12,92.66,95.3,0.030574014
1968/01,95.3,95.04,-0.003040416
1968/02,95.04,90.75,-0.04212592
1968/03,90.75,89.09,-0.015228119
1968/04,89.09,95.67,0.076715441
1968/05,95.67,97.87,0.025821737
1968/06,97.87,100.5,0.026922782
1968/07,100.5,100.3,-0.001565632
1968/08,100.3,98.11,-0.018473155
1968/09,98.11,101.3,0.035785417
1968/10,101.3,103.8,0.025235908
1968/11,103.8,105.4,0.018854587
1968/12,105.4,106.5,0.013861091
1969/01,106.5,102,-0.038946778
1969/02,102,101.5,-0.004133306
1969/03,101.5,99.3,-0.023009608
1969/04,99.3,101.3,0.021606081
1969/05,101.3,104.6,0.036776788
1969/06,104.6,99.14,-0.050445832
1969/07,99.14,94.71,-0.042826625
1969/08,94.71,94.18,-0.003578827
1969/09,94.18,94.51,0.008207435
1969/10,94.51,95.52,0.012636072
1969/11,95.52,96.21,0.009404982
1969/12,96.21,91.11,-0.050287129
1970/01,91.11,90.31,-0.003507737
1970/02,90.31,87.16,-0.032070554
1970/03,87.16,88.65,0.019507855
1970/04,88.65,85.95,-0.030136549
1970/05,85.95,76.06,-0.109385223
1970/06,76.06,75.59,-0.002959803
1970/07,75.59,75.72,0.004924584
1970/08,75.72,77.92,0.036958102
1970/09,77.92,82.58,0.06239083
1970/10,82.58,84.37,0.024250608
1970/11,84.37,84.28,0.001541296
1970/12,84.28,90.05,0.070709693
1971/01,90.05,93.49,0.045403266
1971/02,93.49,97.11,0.042965609
1971/03,97.11,99.6,0.029583411
1971/04,99.6,103,0.037549397
1971/05,103,101.6,-0.012391176
1971/06,101.6,99.72,-0.019446374
1971/07,99.72,99,-0.003516167
1971/08,99,97.24,-0.01382064
1971/09,97.24,99.4,0.028200509
1971/10,99.4,97.29,-0.01792328
1971/11,97.29,92.78,-0.041025575
1971/12,92.78,99.17,0.069097301
1972/01,99.17,103.3,0.046907428
1972/02,103.3,105.2,0.018803938
1972/03,105.2,107.7,0.026588298
1972/04,107.7,108.8,0.013012859
1972/05,108.8,107.7,-0.007494852
1972/06,107.7,108,0.004980721
1972/07,108,107.2,-0.00736083
1972/08,107.2,111,0.037786953
1972/09,111,109.4,-0.011831429
1972/10,109.4,109.6,0.002252791
1972/11,109.6,115.1,0.053083398
1972/12,115.1,117.5,0.023519918
1973/01,117.5,118.4,0.010519338
1973/02,118.4,114.2,-0.036834578
1973/03,114.2,112.4,-0.018815954
1973/04,112.4,110.3,-0.018966997
1973/05,110.3,107.2,-0.027848609
1973/06,107.2,104.8,-0.021673553
1973/07,104.8,105.8,0.014483347
1973/08,105.8,103.8,-0.027837573
1973/09,103.8,105.6,0.02364806
1973/10,105.6,109.8,0.039518142
1973/11,109.8,102,-0.06795742
1973/12,102,94.78,-0.067094114
1974/01,94.78,96.11,0.015798968
1974/02,96.11,93.45,-0.029117068
1974/03,93.45,97.44,0.04091093
1974/04,97.44,92.46,-0.044071163
1974/05,92.46,89.67,-0.030538799
1974/06,89.67,89.79,0.005018469
1974/07,89.79,79.31,-0.111497408
1974/08,79.31,76.03,-0.040532605
1974/09,76.03,68.12,-0.101324842
1974/10,68.12,69.44,0.023290952
1974/11,69.44,71.74,0.039019844
1974/12,71.74,67.07,-0.058410003
1975/01,67.07,72.56,0.091526815
1975/02,72.56,80.1,0.108567141
1975/03,80.1,83.78,0.053942447
1975/04,83.78,84.72,0.019179655
1975/05,84.72,90.1,0.068686473
1975/06,90.1,92.4,0.028785192
1975/07,92.4,92.49,0.000959527
1975/08,92.49,85.71,-0.064776505
1975/09,85.71,84.67,-0.007614136
1975/10,84.67,88.57,0.049961992
1975/11,88.57,90.07,0.018976925
1975/12,90.07,88.7,-0.009762362
1976/01,88.7,96.86,0.098918614
1976/02,96.86,100.6,0.04314324
1976/03,100.6,101.1,0.011148067
1976/04,101.1,101.9,0.012275916
1976/05,101.9,101.2,-0.005838512
1976/06,101.2,101.8,0.008539641
1976/07,101.8,104.2,0.025637069
1976/08,104.2,103.3,-0.006142127
1976/09,103.3,105.5,0.025313418
1976/10,105.5,101.9,-0.031606546
1976/11,101.9,101.2,-0.001349433
1976/12,101.2,104.7,0.038319598
1977/01,104.7,103.8,-0.00619024
1977/02,103.8,101,-0.028761207
1977/03,101,100.6,-0.002008063
1977/04,100.6,99.05,-0.014507579
1977/05,99.05,98.76,0.001153145
1977/06,98.76,99.29,0.007945392
1977/07,99.29,100.2,0.013403257
1977/08,100.2,97.75,-0.018591368
1977/09,97.75,96.23,-0.009594593
1977/10,96.23,93.74,-0.019929685
1977/11,93.74,94.28,0.010405297
1977/12,94.28,93.82,0.001450186
1978/01,93.82,90.25,-0.034521484
1978/02,90.25,88.98,-0.010771198
1978/03,88.98,88.82,9.42E-05
1978/04,88.82,92.71,0.045393102
1978/05,92.71,97.41,0.050888363
1978/06,97.41,97.66,0.001935524
1978/07,97.66,97.19,-0.001992876
1978/08,97.19,103.9,0.074746306
1978/09,103.9,103.9,0.003148736
1978/10,103.9,100.6,-0.029263322
1978/11,100.6,94.71,-0.051452827
1978/12,94.71,96.11,0.021947328
1979/01,96.11,99.71,0.040160562
1979/02,99.71,98.23,-0.014123983
1979/03,98.23,100.1,0.021230939
1979/04,100.1,102.1,0.021084385
1979/05,102.1,99.73,-0.022618781
1979/06,99.73,101.7,0.021533358
1979/07,101.7,102.7,0.012088765
1979/08,102.7,107.4,0.049580311
1979/09,107.4,108.6,0.014183182
1979/10,108.6,104.5,-0.03165837
1979/11,104.5,103.7,-0.002433622
1979/12,103.7,107.8,0.043643056
1980/01,107.8,110.9,0.029467301
1980/02,110.9,115.3,0.040554523
1980/03,115.3,104.7,-0.089872719
1980/04,104.7,103,-0.01104836
1980/05,103,107.7,0.051404389
1980/06,107.7,114.6,0.068295578
1980/07,114.6,119.8,0.060061749
1980/08,119.8,123.5,0.037763348
1980/09,123.5,126.5,0.029756176
1980/10,126.5,130.2,0.033581965
1980/11,130.2,135.7,0.047575442
1980/12,135.7,133.5,-0.011708376
1981/01,133.5,133,0.001435262
1981/02,133,128.4,-0.03155932
1981/03,128.4,133.2,0.04274343
1981/04,133.2,134.4,0.014113735
1981/05,134.4,131.7,-0.016013225
1981/06,131.7,132.3,0.007324996
1981/07,132.3,129.1,-0.022278413
1981/08,129.1,129.6,0.008994863
1981/09,129.6,118.3,-0.083155607
1981/10,118.3,119.8,0.023202069
1981/11,119.8,122.9,0.03482458
1981/12,122.9,123.8,0.015736865
1982/01,123.8,117.3,-0.044312552
1982/02,117.3,114.5,-0.016088021
1982/03,114.5,110.8,-0.020912991
1982/04,110.8,116.3,0.055539314
1982/05,116.3,116.4,0.001674041
1982/06,116.4,109.7,-0.058699801
1982/07,109.7,109.4,0.002523144
1982/08,109.4,109.7,0.010635935
1982/09,109.7,122.4,0.122792148
1982/10,122.4,132.7,0.089677181
1982/11,132.7,138.1,0.050882114
1982/12,138.1,139.4,0.020849748
1983/01,139.4,144.3,0.040181779
1983/02,144.3,146.8,0.023126142
1983/03,146.8,151.9,0.041613617
1983/04,151.9,157.7,0.037774334
1983/05,157.7,164.1,0.040839907
1983/06,164.1,166.4,0.016594963
1983/07,166.4,167,0.005087445
1983/08,167,162.4,-0.024876076
1983/09,162.4,167.2,0.030371471
1983/10,167.2,167.7,0.005850237
1983/11,167.7,165.2,-0.010671886
1983/12,165.2,164.4,0.000853496
1984/01,164.4,166.4,0.013221669
1984/02,166.4,157.3,-0.051988004
1984/03,157.3,157.4,0.006396788
1984/04,157.4,157.6,0.003946509
1984/05,157.6,156.6,-0.001935354
1984/06,156.6,153.1,-0.017848225
1984/07,153.1,151.1,-0.009441626
1984/08,151.1,164.4,0.09140597
1984/09,164.4,166.1,0.012743173
1984/10,166.1,164.8,-0.00345581
1984/11,164.8,166.3,0.016199342
1984/12,166.3,164.5,-0.003818047
1985/01,164.5,171.6,0.047910245
1985/02,171.6,180.9,0.055788099
1985/03,180.9,179.4,-0.005469479
1985/04,179.4,180.6,0.008555009
1985/05,180.6,184.9,0.026628825
1985/06,184.9,188.9,0.025344823
1985/07,188.9,192.5,0.023504617
1985/08,192.5,188.3,-0.017507259
1985/09,188.3,184.1,-0.018971039
1985/10,184.1,186.2,0.01388148
1985/11,186.2,197.5,0.064167094
1985/12,197.5,207.3,0.05317525
1986/01,207.3,208.2,0.007957773
1986/02,208.2,219.4,0.062447672
1986/03,219.4,232.3,0.068583239
1986/04,232.3,238,0.030631619
1986/05,238,238.5,0.00339345
1986/06,238.5,245.3,0.027150254
1986/07,245.3,240.2,-0.016719658
1986/08,240.2,245,0.022261168
1986/09,245,238.3,-0.027523084
1986/10,238.3,237.4,-0.000580287
1986/11,237.4,245.1,0.035461628
1986/12,245.1,248.6,0.017084956
1987/01,248.6,264.5,0.061233801
1987/02,264.5,280.9,0.062546113
1987/03,280.9,292.5,0.041607596
1987/04,292.5,289.3,-0.010732433
1987/05,289.3,289.1,0.001361233
1987/06,289.1,301.4,0.044313235
1987/07,301.4,310.1,0.031730318
1987/08,310.1,329.4,0.062471428
1987/09,329.4,318.7,-0.03179254
1987/10,318.7,280.2,-0.117118005
1987/11,280.2,245,-0.120081215
1987/12,245,241,-0.009707651
1988/01,241,250.5,0.043089821
1988/02,250.5,258.1,0.03385647
1988/03,258.1,265.7,0.031118514
1988/04,265.7,262.6,-0.01071288
1988/05,262.6,256.1,-0.021997353
1988/06,256.1,270.7,0.058766191
1988/07,270.7,269.1,-0.00387393
1988/08,269.1,263.7,-0.018000086
1988/09,263.7,268,0.015902709
1988/10,268,277.4,0.038064085
1988/11,277.4,271,-0.017518556
1988/12,271,276.5,0.02520523
1989/01,276.5,285.4,0.033825523
1989/02,285.4,294,0.032711853
1989/03,294,292.7,-0.003242007
1989/04,292.7,302.3,0.03311198
1989/05,302.3,313.9,0.039657174
1989/06,313.9,323.7,0.035682691
1989/07,323.7,331.9,0.029593645
1989/08,331.9,346.6,0.049097476
1989/09,346.6,347.3,0.004931838
1989/10,347.3,347.4,0.001756558
1989/11,347.4,340.2,-0.016646033
1989/12,340.2,348.6,0.029563679
1990/01,348.6,339.97,-0.027836575
1990/02,339.97,330.45,-0.025535329
1990/03,330.45,338.46,0.02576763
1990/04,338.46,338.18,0.00427794
1990/05,338.18,350.25,0.039690706
1990/06,350.25,360.39,0.029978929
1990/07,360.39,360.03,0.001804823
1990/08,360.03,330.75,-0.082435742
1990/09,330.75,315.41,-0.046334605
1990/10,315.41,307.12,-0.02388982
1990/11,307.12,315.29,0.032636937
1990/12,315.29,328.75,0.050837787
1991/01,328.75,325.49,-0.0081585
1991/02,325.49,362.26,0.118736361
1991/03,362.26,372.28,0.032909355
1991/04,372.28,379.68,0.025064489
1991/05,379.68,377.99,-0.000694065
1991/06,377.99,378.29,0.00435241
1991/07,378.29,380.23,0.009967556
1991/08,380.23,389.4,0.026904441
1991/09,389.4,387.2,-0.004598776
1991/10,387.2,386.88,0.00275493
1991/11,386.88,385.92,-0.000293194
1991/12,385.92,388.51,0.011132078
1992/01,388.51,416.08,0.07417555
1992/02,416.08,412.56,-0.007266963
1992/03,412.56,407.36,-0.012473651
1992/04,407.36,407.41,0.00381808
1992/05,407.41,414.81,0.021707662
1992/06,414.81,408.27,-0.014272353
1992/07,408.27,415.05,0.019543635
1992/08,415.05,417.93,0.009142384
1992/09,417.93,418.48,0.003403743
1992/10,418.48,412.5,-0.012677386
1992/11,412.5,422.84,0.028626172
1992/12,422.84,435.64,0.035826753
1993/01,435.64,435.23,-0.000806789
1993/02,435.23,441.7,0.016360721
1993/03,441.7,450.16,0.020487722
1993/04,450.16,443.08,-0.013506276
1993/05,443.08,445.25,0.008498235
1993/06,445.25,448.06,0.009720085
1993/07,448.06,447.29,0.002894287
1993/08,447.29,454.13,0.017091386
1993/09,454.13,459.24,0.0136681
1993/10,459.24,463.9,0.010517057
1993/11,463.9,462.89,0.001596268
1993/12,462.89,465.95,0.011137389
1994/01,465.95,472.99,0.016662882
1994/02,472.99,471.58,-0.002082481
1994/03,471.58,463.81,-0.015513422
1994/04,463.81,447.23,-0.032820837
1994/05,447.23,450.9,0.011792717
1994/06,450.9,454.83,0.009727287
1994/07,454.83,451.4,-0.005585099
1994/08,451.4,464.24,0.029060916
1994/09,464.24,466.96,0.007915609
1994/10,466.96,463.81,-0.002941494
1994/11,463.81,461.01,-0.002812727
1994/12,461.01,455.19,-0.008041602
1995/01,455.19,465.25,0.022731169
1995/02,465.25,481.92,0.036418017
1995/03,481.92,493.15,0.024540162
1995/04,493.15,507.91,0.031279571
1995/05,507.91,523.81,0.034068263
1995/06,523.81,539.35,0.032262087
1995/07,539.35,557.37,0.037760847
1995/08,557.37,559.11,0.004667637
1995/09,559.11,578.77,0.037251306
1995/10,578.77,582.92,0.008164466
1995/11,582.92,595.53,0.026405772
1995/12,595.53,614.57,0.036665849
1996/01,614.57,614.42,-0.001953474
1996/02,614.42,649.54,0.057822015
1996/03,649.54,647.07,-0.004785024
1996/04,647.07,647.17,0.000513761
1996/05,647.17,661.23,0.023972477
1996/06,661.23,668.5,0.014413362
1996/07,668.5,644.07,-0.034167494
1996/08,644.07,662.68,0.031175492
1996/09,662.68,674.88,0.019489261
1996/10,674.88,701.46,0.040376613
1996/11,701.46,735.67,0.051216214
1996/12,735.67,743.25,0.014718778
1997/01,743.25,766.22,0.031838289
1997/02,766.22,798.39,0.042841983
1997/03,798.39,792.16,-0.006442905
1997/04,792.16,763.93,-0.033198965
1997/05,763.93,833.09,0.094707823
1997/06,833.09,876.29,0.053951953
1997/07,876.29,925.29,0.057886083
1997/08,925.29,927.24,0.003446381
1997/09,927.24,937.02,0.011192226
1997/10,937.02,951.16,0.01566364
1997/11,951.16,938.92,-0.009392283
1997/12,938.92,962.37,0.02903151
1998/01,962.37,963.36,0.001814479
1998/02,963.36,1023.74,0.063247333
1998/03,1023.74,1076.83,0.052322815
1998/04,1076.83,1112.2,0.033344842
1998/05,1112.2,1108.42,-0.002655136
1998/06,1108.42,1108.39,0.001336554
1998/07,1108.39,1156.58,0.044792606
1998/08,1156.58,1074.62,-0.069506399
1998/09,1074.62,1020.64,-0.048910412
1998/10,1020.64,1032.47,0.011669512
1998/11,1032.47,1144.43,0.111026109
1998/12,1144.43,1190.05,0.043010865
1999/01,1190.05,1248.77,0.049307009
1999/02,1248.77,1246.58,-0.000548017
1999/03,1246.58,1281.66,0.027549053
1999/04,1281.66,1334.76,0.036851061
1999/05,1334.76,1332.07,0.000735619
1999/06,1332.07,1322.55,-0.004496218
1999/07,1322.55,1380.99,0.04386265
1999/08,1380.99,1327.49,-0.03817579
1999/09,1327.49,1318.17,-0.008548106
1999/10,1318.17,1300.01,-0.012375057
1999/11,1300.01,1391,0.072583299
1999/12,1391,1428.68,0.030298379
2000/01,1428.68,1425.59,-0.001892282
2000/02,1425.59,1388.87,-0.027876704
2000/03,1388.87,1442.21,0.033989725
2000/04,1442.21,1461.36,0.016175296
2000/05,1461.36,1418.48,-0.026902781
2000/06,1418.48,1461.96,0.029304854
2000/07,1461.96,1473,0.009161703
2000/08,1473,1485.46,0.012189623
2000/09,1485.46,1468.05,-0.013094323
2000/10,1468.05,1390.14,-0.050948922
2000/11,1390.14,1378.04,-0.005469715
2000/12,1378.04,1330.93,-0.029867264
2001/01,1330.93,1335.63,0.001291368
2001/02,1335.63,1305.75,-0.022367528
2001/03,1305.75,1185.85,-0.090467601
2001/04,1185.85,1189.84,0.00318989
2001/05,1189.84,1270.37,0.066938987
2001/06,1270.37,1238.71,-0.02287037
2001/07,1238.71,1204.45,-0.021620367
2001/08,1204.45,1178.5,-0.018218424
2001/09,1178.5,1044.64,-0.114273719
2001/10,1044.64,1076.59,0.037079292
2001/11,1076.59,1129.68,0.053874002
2001/12,1129.68,1144.93,0.019964085
2002/01,1144.93,1140.21,-0.004282132
2002/02,1140.21,1100.67,-0.036389806
2002/03,1100.67,1153.79,0.044804458
2002/04,1153.79,1111.93,-0.03914721
2002/05,1111.93,1079.25,-0.027216458
2002/06,1079.25,1014.02,-0.058839372
2002/07,1014.02,903.59,-0.107370042
2002/08,903.59,912.55,0.009512396
2002/09,912.55,867.81,-0.047909953
2002/10,867.81,854.63,-0.013621131
2002/11,854.63,909.93,0.068078357
2002/12,909.93,899.18,-0.006194571
2003/01,899.18,895.84,-0.004474473
2003/02,895.84,837.03,-0.068848596
2003/03,837.03,846.63,0.009516654
2003/04,846.63,890.03,0.056983531
2003/05,890.03,935.96,0.056541183
2003/06,935.96,988,0.057632954
2003/07,988,992.54,0.00661828
2003/08,992.54,989.53,-0.003656196
2003/09,989.53,1019.44,0.030194842
2003/10,1019.44,1038.73,0.023088093
2003/11,1038.73,1049.9,0.01632924
2003/12,1049.9,1080.64,0.033330638
2004/01,1080.64,1132.52,0.045857508
2004/02,1132.52,1143.36,0.006853117
2004/03,1143.36,1123.98,-0.020503648
2004/04,1123.98,1133.36,0.008357858
2004/05,1133.36,1102.78,-0.028788017
2004/06,1102.78,1132.76,0.028019972
2004/07,1132.76,1105.85,-0.018366782
2004/08,1105.85,1088.94,-0.012196498
2004/09,1088.94,1117.66,0.027766139
2004/10,1117.66,1117.21,-0.001591259
2004/11,1117.21,1168.94,0.050086862
2004/12,1168.94,1199.21,0.033733189
2005/01,1199.21,1181.41,-0.013101448
2005/02,1181.41,1199.63,0.013471343
2005/03,1199.63,1194.9,-0.007691348
2005/04,1194.9,1164.43,-0.027712977
2005/05,1164.43,1178.28,0.01672412
2005/06,1178.28,1202.25,0.023382645
2005/07,1202.25,1222.24,0.01600347
2005/08,1222.24,1224.27,0.000989767
2005/09,1224.27,1225.92,-0.005473091
2005/10,1225.92,1191.96,-0.024627642
2005/11,1191.96,1237.37,0.050885939
2005/12,1237.37,1262.07,0.028413187
2006/01,1262.07,1278.73,0.010266622
2006/02,1278.73,1276.65,0.000782583
2006/03,1276.65,1293.74,0.012046095
2006/04,1293.74,1302.17,0.002401109
2006/05,1302.17,1290.01,-0.009344147
2006/06,1290.01,1253.17,-0.02543218
2006/07,1253.17,1260.24,0.007635867
2006/08,1260.24,1287.15,0.024053312
2006/09,1287.15,1317.74,0.032081945
2006/10,1317.74,1363.38,0.042904937
2006/11,1363.38,1388.64,0.023181024
2006/12,1388.64,1416.42,0.02207262
2007/01,1416.42,1424.16,0.005589332
2007/02,1424.16,1444.8,0.012556205
2007/03,1444.8,1406.95,-0.031240916
2007/04,1406.95,1463.64,0.037211755
2007/05,1463.64,1511.14,0.02986595
2007/06,1511.14,1514.19,0.003732678
2007/07,1514.19,1520.71,0.00796123
2007/08,1520.71,1454.62,-0.038609073
2007/09,1454.62,1497.12,0.030197409
2007/10,1497.12,1539.66,0.030631833
2007/11,1539.66,1463.39,-0.050150839
2007/12,1463.39,1479.22,0.016415129
2008/01,1479.22,1378.76,-0.067460347
2008/02,1378.76,1354.87,-0.015183536
2008/03,1354.87,1316.94,-0.031363936
2008/04,1316.94,1370.47,0.039385568
2008/05,1370.47,1403.22,0.020484475
2008/06,1403.22,1341.25,-0.047919105
2008/07,1341.25,1257.33,-0.061136795
2008/08,1257.33,1281.47,0.029570564
2008/09,1281.47,1216.95,-0.043130676
2008/10,1216.95,968.8,-0.190806563
2008/11,968.8,883.04,-0.067333419
2008/12,883.04,877.56,0.006963206
2009/01,877.56,865.58,-0.01525239
2009/02,865.58,805.23,-0.071481199
2009/03,805.23,757.13,-0.059521325
2009/04,757.13,848.15,0.119743247
2009/05,848.15,902.41,0.062397218
2009/06,902.41,926.12,0.018679748
2009/07,926.12,935.82,0.012569386
2009/08,935.82,1009.73,0.077492385
2009/09,1009.73,1044.55,0.034730853
2009/10,1044.55,1067.66,0.022853698
2009/11,1067.66,1088.07,0.021701609
2009/12,1088.07,1110.38,0.026264019
2010/01,1110.38,1123.58,0.012267105
2010/02,1123.58,1089.16,-0.027470462
2010/03,1089.16,1152.05,0.056993018
2010/04,1152.05,1197.32,0.04092279
2010/05,1197.32,1125.06,-0.057880999
2010/06,1125.06,1083.36,-0.033616007
2010/07,1083.36,1079.8,-0.000769901
2010/08,1079.8,1087.28,0.008205168
2010/09,1087.28,1122.08,0.034066572
2010/10,1122.08,1171.58,0.045454797
2010/11,1171.58,1198.89,0.025434886
2010/12,1198.89,1241.53,0.036604921
2011/01,1241.53,1282.62,0.031082546
2011/02,1282.62,1321.12,0.028201521
2011/03,1321.12,1304.49,-0.018451846
2011/04,1304.49,1331.51,0.018287638
2011/05,1331.51,1338.31,0.004824526
2011/06,1338.31,1287.29,-0.032655858
2011/07,1287.29,1325.19,0.03309752
2011/08,1325.19,1185.31,-0.10336327
2011/09,1185.31,1173.88,-0.006209138
2011/10,1173.88,1207.22,0.03523929
2011/11,1207.22,1226.42,0.021344776
2011/12,1226.42,1243.32,0.020522735
2012/01,1243.32,1300.58,0.045661206
2012/02,1300.58,1352.49,0.039441166
2012/03,1352.49,1389.24,0.02328554
2012/04,1389.24,1386.43,-0.001474556
2012/05,1386.43,1341.27,-0.028342284
2012/06,1341.27,1323.48,-0.008676169
2012/07,1323.48,1359.78,0.032083898
2012/08,1359.78,1403.45,0.029580455
2012/09,1403.45,1443.42,0.027304531
2012/10,1443.42,1437.82,3.32E-05
2012/11,1437.82,1394.51,-0.0222588
2012/12,1394.51,1422.29,0.025986992
